source_id,issue_url
19326,https://github.com/Mark-Phillipson/Personal-Todos/issues/1
19322,https://github.com/Mark-Phillipson/Personal-Todos/issues/2
19319,https://github.com/Mark-Phillipson/Personal-Todos/issues/3
19237,https://github.com/Mark-Phillipson/Personal-Todos/issues/4
19320,https://github.com/Mark-Phillipson/Personal-Todos/issues/5
19317,https://github.com/Mark-Phillipson/Personal-Todos/issues/6
19302,https://github.com/Mark-Phillipson/Personal-Todos/issues/7
19323,https://github.com/Mark-Phillipson/Personal-Todos/issues/8
19301,https://github.com/Mark-Phillipson/Personal-Todos/issues/9
19315,https://github.com/Mark-Phillipson/Personal-Todos/issues/10
19229,https://github.com/Mark-Phillipson/Personal-Todos/issues/11
19311,https://github.com/Mark-Phillipson/Personal-Todos/issues/12
19264,https://github.com/Mark-Phillipson/Personal-Todos/issues/13
19309,https://github.com/Mark-Phillipson/Personal-Todos/issues/14
19306,https://github.com/Mark-Phillipson/Personal-Todos/issues/15
19304,https://github.com/Mark-Phillipson/Personal-Todos/issues/16
19300,https://github.com/Mark-Phillipson/Personal-Todos/issues/17
19238,https://github.com/Mark-Phillipson/Personal-Todos/issues/18
19236,https://github.com/Mark-Phillipson/Personal-Todos/issues/19
19235,https://github.com/Mark-Phillipson/Personal-Todos/issues/20
19234,https://github.com/Mark-Phillipson/Personal-Todos/issues/21
19233,https://github.com/Mark-Phillipson/Personal-Todos/issues/22
19232,https://github.com/Mark-Phillipson/Personal-Todos/issues/23
19231,https://github.com/Mark-Phillipson/Personal-Todos/issues/24
18208,https://github.com/Mark-Phillipson/Personal-Todos/issues/25
5070,https://github.com/Mark-Phillipson/Personal-Todos/issues/26
19230,https://github.com/Mark-Phillipson/Personal-Todos/issues/27
19263,https://github.com/Mark-Phillipson/Personal-Todos/issues/28
19262,https://github.com/Mark-Phillipson/Personal-Todos/issues/29
19261,https://github.com/Mark-Phillipson/Personal-Todos/issues/30
